JKEE003,21,1
JUNY034,21,1
YLM061,21,1
MNGIA03,21,1
ZCHRI023,21,1
BERNA001,21,1
TEHYP02,21,1
KHOOA002,21,1
KOHG06,21,1
CHEWE05,21,1
CJEAN014,21,1
WEECA007,21,1
LEECA17,21,1
LIMMA01,21,1
LENGR09,21,1
YEOEI001,21,1
KHIMJ008,21,1
DORAP002,21,1
BCQUE004,21,1
LIEWH002,21,1
NAYEL005,21,1
TANHU11,21,1
HAFIZ021,21,1
SANDY034,21,1
CHYEN012,21,1
SICAT009,21,1
LIMRI023,21,1
THOMP031,21,1
CHENGA034,21,1
WEECH03,21,1
YAPLI24,21,1
KHIMC14,21,1
CHEEG06,21,1
KHORS14,21,1
LOKRU012,21,1
ANGLA10,21,1
TAYCH012,21,1
NASAR01,21,1
TONGG04,21,1
PREET01,21,1
YASMI04,21,1
YBOOE01,21,1
PAIGE25,21,1
BAKAR023,21,1
KUMAR107,21,1
ESTOH04,21,1
JEYAR002,21,1
SHUME02,21,1
CHANJE11,21,1
CAYDEN01,21,1
GNGIA10,21,1
WEEJO04,21,1
YEOHM08,21,1
EERIC015,21,1
LIEWA01,21,1
OHJOS01,21,1
HOGRE11,21,1
DANKE05,21,1
IMRAN12,21,1
LEONGH27,21,1
PILLA007,21,1
WOOST04,21,1
TAYTY06,21,1
AMBRO03,21,1
STRONG012,21,1
WTKBO052,21,1
SHELL016,21,1
WANGJ015,21,1
LUMCO08,21,1
KEESO07,21,1
FHANS002,21,1
ONGOT021,21,1
GOHBK015,21,1
PECKG01,21,1
WALLA06,21,1
TANWJ012,21,1
WEIPH05,21,1
XINLE006,21,1
TEOHX015,21,1
TEOHX015,14,1
